   CREATE TABLESPACE INTERVENTION1_TBS 
     DATAFILE 'INTERVENTION1_TBS_data.dbf' 
     SIZE 1m AUTOEXTEND ON;

       CREATE TABLESPACE INTERVENTION1_TempTBS
     DATAFILE 'INTERVENTION1_TempTBS_data.dbf' 
     SIZE 1m AUTOEXTEND ON;

    CREATE USER DBAINTERVENTION IDENTIFIED BY MyPassword;
GRANT CONNECT TO DBAINTERVENTION;
    GRANT ALL PRIVILEGES TO DBAINTERVENTION ;


----------------------------------------------------customer------------------------------------------------
CREATE TABLE CUSTOMER1(
        CUSTOMERNUMBER NUMBER(10) not null,
        CIV       VARCHAR2(10) NOT NULL,
        FIRSTNAME VARCHAR2(50) NOT NULL,
        LASTNAME  VARCHAR2(50) NOT NULL,
        BIRTHDATE date ,
        ADDRESS  VARCHAR2(80) NOT NULL,
        TELPROF NUMBER(10) ,
        TELPRIV NUMBER(10) ,
         FAX   NUMBER(15) 
);

alter table customer1 add constraint pk_customer1 PRIMARY KEY  (CUSTOMERNUMBER);

insert into CUSTOMER1 VALUES(1,'Miss','Cherifa','MAHBOUBA',to_date('08/08/1957','dd/mm/yy'),'CITE 1013 LOGTS BT 61 Alger',561381813,562458714,NULL);
insert into CUSTOMER1 VALUES(2,'Miss','Lamia','TAHMI',to_date('31/12/1955','dd/mm/yy'),'CITE BACHEDJARAH BATIMENT 38 -Bach Djerrah-Alger',0562467849,0561392487,NULL);
insert into CUSTOMER1 VALUES(3,'Miss','Ghania','DIAF AMROUNI',to_date('31/12/1955','dd/mm/yy'),'43, RUE ABDERRAHMANE SBAA BELLE VUE-EL HARRACH-ALGER',0523894562,0619430945,0562784254);
insert into CUSTOMER1 VALUES(4,'Mrs','Chahinaz','MELEK',to_date('27/06/1955','dd/mm/yy'),'HLM AISSAT IDIR CAGE 9 3EME ETAGE-EL HARRACH ALGER',0634613493,0562529463,NULL);
insert into CUSTOMER1 VALUES(5,'Mrs','Noura','TECHTACHE',to_date('22/03/1949','dd/mm/yy'),'16, ROUTE EL DJAMILA-AIN BENIAN-ALGER',0562757834,NULL,0562757843);
insert into CUSTOMER1 VALUES(6,'Miss','Widad','TOUATI',to_date('14/08/1965','dd/mm/yy'),'14 RUE DES FRERES AOUDIA-EL MOURADIA-ALGER',0561243967,0561401836,NULL);
insert into CUSTOMER1 VALUES(7,'Miss','Faiza','ABLOUL',to_date('28/10/1967','dd/mm/yy'),'CITE DIPLOMATIQUE BT BLEU 14B N 3 DERGANA- ALGER',0562935427,0561486203,NULL);
insert into CUSTOMER1 VALUES(8,'Miss','Assia','HORRA',to_date('08/12/1963','dd/mm/yy'),'32 RUE AHMED OUAKED-DELY BRAHIM-ALGER',0561038500,NULL,0562466733);
insert into CUSTOMER1 VALUES(9,'Miss','Souad','MESBAH',to_date('30/08/1972','dd/mm/yy'),'RESIDENCE CHABANI-HYDRA- ALGER',0561024358,NULL,NULL);
insert into CUSTOMER1 VALUES(10,'Miss','Houda','GROUDA',to_date('20/02/1950','dd/mm/yy'),'EPSP THNIET ELABED BATNA',562939495,561218456,NULL);
insert into CUSTOMER1 VALUES(11,'Mrs','Saida','FENNICHE',NULL,'CITE DE LINDEPENDENCE LARBAA BLIDA',0645983165,0562014784,NULL);
insert into CUSTOMER1 VALUES(12,'Mrs','Samia','OUALI',to_date('17/11/1966','dd/mm/yy'),'CITE 200 LOGEMENTS BT1 N1- JIJEL',0561374812,0561277013,NULL);
insert into CUSTOMER1 VALUES(13,'Mrs','Fatiha','CHALAH',to_date('20/09/1980','dd/mm/yy'),'RUE BOUFADA LAKHDARAT-AIN OULMANE-SETIF',0647092453,0562442700,NULL);
insert into CUSTOMER1 VALUES(14,'Mr','Djamel','MATI',NULL,'DRAA KEBILA HAMMAM GUERGOUR SETIF',0561033663,0561484259,NULL);
insert into CUSTOMER1 VALUES(15,'Mr','Mohamed','GHRAIR',to_date('24/06/1950','dd/mm/yy'),'CITE JEANNE DARC ECRAN B5- GAMBETTA ORAN',0561390288,NULL,0562375849);
insert into CUSTOMER1 VALUES(16,'Mr','Ali','LAAOUAR',NULL,'CITE 1ER MAI EX 137 LOGEMENTS-ADRAR',0639939410,0561255412,NULL);
insert into CUSTOMER1 VALUES(17,'Mr','Messoud','AOUIZ',to_date('24/11/1958','dd/mm/yy'),'RUE SAIDANI ABDESSLAM -AIN BESSEM-BOUIRA',0561439256,0561473625,NULL);
insert into CUSTOMER1 VALUES(18,'Mr','Farid','AKIL',to_date('06/05/1961','dd/mm/yy'),'3 RUE LARBI BEN MHIDI-DRAA EL MIZAN-TIZI OUZOU',0562349254,0561294268,NULL);
insert into CUSTOMER1 VALUES(19,'Mrs','Dalila','MOUHTADI',NULL,'6, BD TRIPOLI ORAN',506271459,506294186,NULL);
insert into CUSTOMER1 VALUES(20,'Mr','Younes','CHALAH',NULL,'CITE DES 60 LOGTS BT D N 48-NACIRIA-BOUMERDES',NULL,0561358279,NULL);
insert into CUSTOMER1 VALUES(21,'Mr','Boubeker','BARKAT',to_date('08/11/1935','dd/mm/yy'),'CITE MENTOURI N 71 BT AB SMK Constantine',0561824538,0561326179,NULL);
insert into CUSTOMER1 VALUES(22,'Mr','Seddik','HMIA',NULL,'25 RUE BEN YAHIYA-JIJEL',562379513,NULL,562493627);
insert into CUSTOMER1 VALUES(23,'Mr','Lamine','MERABAT',to_date('09/13/1965','mm/dd/yy'),'CITE JEANNE DARC ECRAN B2-GAMBETTA ORAN',0561724538,0561724538,NULL);

DESC customer1;
select * from customer1;














-----------------------------------employee-------------------------------------


CREATE TABLE Employee1(
    EMPLOYEENUMBER NUMBER(10) not null,
    LASTNAMEEMP VARCHAR2(50) NOT NULL,
    FIRSTNAMEEMP VARCHAR2(50) NOT NULL,
    CATEGORY VARCHAR2(50) NOT NULL,
    SALARY NUMBER(15) 
);
ALTER TABLE Employee1
ADD CONSTRAINT PK_Employee1 PRIMARY KEY (EMPLOYEENUMBER);


INSERT INTO EMPLOYEE1 VALUES(53,'LACHEMI','Bouzid','Mechanic',25000); --change the name as the constraint asked
INSERT INTO EMPLOYEE1 VALUES(54,'BOUCHEMLA','Elias','Assistant',10000);
INSERT INTO EMPLOYEE1 VALUES(55,'HADJ','Zouhir','Assistant',12000);
INSERT INTO EMPLOYEE1 VALUES(56,'OUSSEDIK','Hakim','Mechanic',20000);
INSERT INTO EMPLOYEE1 VALUES(57,'ABAD','Abdelhamid','Assistant',13000);
INSERT INTO EMPLOYEE1 VALUES(58,'BABACI','Tayeb','Mechanic',21300);
INSERT INTO EMPLOYEE1 VALUES(59,'BELHAMIDI','Mourad','Mechanic',19500);
INSERT INTO EMPLOYEE1 VALUES(60 ,'IGOUDJIL','Redouane','Assistant',15000);
INSERT INTO EMPLOYEE1 VALUES(61,'KOULA','Bahim','Mechanic',23100);
INSERT INTO EMPLOYEE1 VALUES(62,'RAHALI','Ahcene','Mechanic',24000);
INSERT INTO EMPLOYEE1 VALUES(63 ,'CHAOUI','Ismail','Assistant',13000);
INSERT INTO EMPLOYEE1 VALUES(65 ,'MOHAMMEDI','Mustapha' ,'Mechanic',24000);
INSERT INTO EMPLOYEE1 VALUES(66,'FEKAR','Abdelaziz','Assistant',13500);
INSERT INTO EMPLOYEE1 VALUES(67,'SAIDOUNI','Wahid','Mechanic',25000);
INSERT INTO EMPLOYEE1 VALUES(68,'BOULARAS','Farid','Assistant',14000);
INSERT INTO EMPLOYEE1 VALUES(69,'CHAKER','Nassim','Mechanic',26000);
INSERT INTO EMPLOYEE1 VALUES(71,'TERKI','Yacine','Mechanic',23000);
INSERT INTO EMPLOYEE1 VALUES(72,'TEBIBEL','Ahmed','Assistant',17000);
INSERT INTO EMPLOYEE1 VALUES(80,'LARDJOUNE','Karim','Mechanic',25000); --shouldn't be null so it's either delete or making him mechanic

select * from Employee1;




insert into Employee1 VALUES (64, 'BADI', 'Hatem', 'Assistant', 14000); --Q17

UPDATE Employee1
SET SALARY= SALARY+5000
 WHERE  LASTNAMEEMP='BADI' AND FIRSTNAMEEMP='Hatem' ;



select * from Employee1;

--------------------------------brand---------------------------------------------


create table brand1(
BRANDNUMBER number(10) not null,
 BRAND VARCHAR2(50) NOT NULL,
 COUNTRY    VARCHAR2(50) NOT NULL

);
ALTER TABLE brand1
ADD CONSTRAINT PK_BRANDNUMBER1 PRIMARY KEY (BRANDNUMBER);


INSERT INTO BRAND1 VALUES(1,'LAMBORGHINI','ITALIE');
INSERT INTO BRAND1 VALUES(2,'AUDI','ALLEMAGNE');
INSERT INTO BRAND1 VALUES(3,'ROLLS-ROYCE','GRANDE-BRETAGNE');
INSERT INTO BRAND1 VALUES(4,'BMW','ALLEMAGNE');
INSERT INTO BRAND1 VALUES(5,'CADILLAC','ETATS-UNIS');
INSERT INTO BRAND1 VALUES(6,'CHRYSLER','ETATS-UNIS');
INSERT INTO BRAND1 VALUES(7,'FERRARI','ITALIE');
INSERT INTO BRAND1 VALUES(8,'HONDA','JAPON');
INSERT INTO BRAND1 VALUES(9,'JAGUAR','GRANDE-BRETAGNE');
INSERT INTO BRAND1 VALUES(10,'ALFA-ROMEO','ITALIE');
INSERT INTO BRAND1 VALUES(11,'LEXUS','JAPON');
INSERT INTO BRAND1 VALUES(12,'LOTUS','GRANDE-BRETAGNE');
INSERT INTO BRAND1 VALUES(13,'MASERATI','ITALIE');
INSERT INTO BRAND1 VALUES(14,'MERCEDES','ALLEMAGNE');
INSERT INTO BRAND1 VALUES(15,'PEUGEOT','FRANCE');
INSERT INTO BRAND1 VALUES(16,'PORSCHE','ALLEMAGNE');
INSERT INTO BRAND1 VALUES(17,'RENAULT','FRANCE');
INSERT INTO BRAND1 VALUES(18,'SAAB','SUEDE');
INSERT INTO BRAND1 VALUES(19,'TOYOTA','JAPON');
INSERT INTO BRAND1 VALUES(20,'VENTURI','FRANCE');
INSERT INTO BRAND1 VALUES(21,'VOLVO','SUEDE');



------------------------------model-------------------------------------



create table MODEL1 (
    MODELNUMBER number(5) not null,
    MODEL varchar(30) not null,
    BRANDNUMBER number(5) not null
   
   );


ALTER TABLE MODEL1
ADD CONSTRAINT PK_MODEL1 PRIMARY KEY (MODELNUMBER);


ALTER TABLE MODEL1
ADD FOREIGN KEY (BRANDNUMBER) REFERENCES BRAND1(BRANDNUMBER) on delete cascade;


INSERT INTO MODEL1(modelnumber,model,BRANDNUMBER) VALUES(2,'Diablo',1);
INSERT INTO MODEL1(modelnumber,model,BRANDNUMBER) VALUES(3,'Série 5',2);
INSERT INTO MODEL1(modelnumber,model,BRANDNUMBER) VALUES(4,'NSX',10);
INSERT INTO MODEL1(modelnumber,model,BRANDNUMBER) VALUES(5,'Classe C',14);
INSERT INTO MODEL1(modelnumber,model,BRANDNUMBER) VALUES(6,'Safrane',17);
INSERT INTO MODEL1(modelnumber,model,BRANDNUMBER) VALUES(7,'400 GT',20);
INSERT INTO MODEL1(modelnumber,model,BRANDNUMBER) VALUES(8,'Esprit',12);
INSERT INTO MODEL1(modelnumber,model,BRANDNUMBER) VALUES(9,'605',15);
INSERT INTO MODEL1(modelnumber,model,BRANDNUMBER) VALUES(10,'Prévia',19);
INSERT INTO MODEL1(modelnumber,model,BRANDNUMBER) VALUES(11,'550 Maranello',7);
INSERT INTO MODEL1(modelnumber,model,BRANDNUMBER) VALUES(12,'Bentley-Continental',3);
INSERT INTO MODEL1(modelnumber,model,BRANDNUMBER) VALUES(13,'Spider',10);
INSERT INTO MODEL1(modelnumber,model,BRANDNUMBER) VALUES(14,'Evoluzione',13);
INSERT INTO MODEL1(modelnumber,model,BRANDNUMBER) VALUES(15,'Carrera',16);
INSERT INTO MODEL1(modelnumber,model,BRANDNUMBER) VALUES(16,'Boxter',16);
INSERT INTO MODEL1(modelnumber,model,BRANDNUMBER) VALUES(17,'S 80',21);
INSERT INTO MODEL1(modelnumber,model,BRANDNUMBER) VALUES(18,'300 M',6);
INSERT INTO MODEL1(modelnumber,model,BRANDNUMBER) VALUES(19,'M 3',4);
INSERT INTO MODEL1(modelnumber,model,BRANDNUMBER) VALUES(20,'XJ 8',9);
INSERT INTO MODEL1(modelnumber,model,BRANDNUMBER) VALUES(21,'406 Coupé',15);
INSERT INTO MODEL1(modelnumber,model,BRANDNUMBER)VALUES(22,'300 Atlantic',20);
INSERT INTO MODEL1(modelnumber,model,BRANDNUMBER) VALUES(23,'Classe E',14);
INSERT INTO MODEL1(modelnumber,model,BRANDNUMBER) VALUES(24,'GS 300',11);
INSERT INTO MODEL1(modelnumber,model,BRANDNUMBER) VALUES(25,'Séville',5);
INSERT INTO MODEL1(modelnumber,model,BRANDNUMBER) VALUES(26,'95 Cabriolet',18);
INSERT INTO MODEL1(modelnumber,model,BRANDNUMBER) VALUES(27,'TT Coupé',2);
INSERT INTO MODEL1(modelnumber,model,BRANDNUMBER) VALUES(28,'F 355',7);
INSERT INTO MODEL1(modelnumber,model,BRANDNUMBER) VALUES(29,'POLO',45); --no brand number 45 we can't change it so we don't insert it



---------------------------------------------vehicle------------------------------------------

create table VEHICLE1 (
    VEHICLENUMBER number(3)not null, 
    CUSTOMERNUMBER number(3)not null, 
     MODELNUMBER number(3)not null, 
     REGISTRATIONNUMBER number(20)not null, 
     YEARR number(4)not null
     );

ALTER TABLE VEHICLE1
ADD CONSTRAINT PK_VEHICLE1 PRIMARY KEY (VEHICLENUMBER);

ALTER TABLE vehicle1
ADD CONSTRAINT FK_CUSTOMERNUMBER1 
FOREIGN KEY (CUSTOMERNUMBER) REFERENCES customer1(CUSTOMERNUMBER)on delete cascade;


ALTER TABLE vehicle1
ADD CONSTRAINT FK_MODELNUMBER1  FOREIGN KEY (MODELNUMBER) REFERENCES MODEL1(MODELNUMBER) on delete cascade;



INSERT INTO VEHICLE1 (VEHICLENUMBER,REGISTRATIONNUMBER, MODELNUMBER,CUSTOMERNUMBER,YEARR) VALUES(1,12519216,6,2,1992); 
INSERT INTO VEHICLE1 (VEHICLENUMBER,REGISTRATIONNUMBER, MODELNUMBER,CUSTOMERNUMBER,YEARR) VALUES(2,124219316,20,9,1993);
INSERT INTO VEHICLE1 (VEHICLENUMBER,REGISTRATIONNUMBER, MODELNUMBER,CUSTOMERNUMBER,YEARR) VALUES(3,1452318716,8,17,1987);
INSERT INTO VEHICLE1 (VEHICLENUMBER,REGISTRATIONNUMBER, MODELNUMBER,CUSTOMERNUMBER,YEARR) VALUES(4,3145219816,12,6,1998);
INSERT INTO VEHICLE1 (VEHICLENUMBER,REGISTRATIONNUMBER, MODELNUMBER,CUSTOMERNUMBER,YEARR) VALUES(5,1278919816,23,16,1998);
INSERT INTO VEHICLE1 (VEHICLENUMBER,REGISTRATIONNUMBER, MODELNUMBER,CUSTOMERNUMBER,YEARR) VALUES(6,3853319735,6,20,1997);
INSERT INTO VEHICLE1 (VEHICLENUMBER,REGISTRATIONNUMBER, MODELNUMBER,CUSTOMERNUMBER,YEARR) VALUES(7,1453119816,8,7,1998);
INSERT INTO VEHICLE1 (VEHICLENUMBER,REGISTRATIONNUMBER, MODELNUMBER,CUSTOMERNUMBER,YEARR) VALUES(8,8365318601,14,16,1986);
INSERT INTO VEHICLE1 (VEHICLENUMBER,REGISTRATIONNUMBER, MODELNUMBER,CUSTOMERNUMBER,YEARR) VALUES(9,3087319233,15,13,1992);
INSERT INTO VEHICLE1 (VEHICLENUMBER,REGISTRATIONNUMBER, MODELNUMBER,CUSTOMERNUMBER,YEARR) VALUES(10,9413119935,22,20,1999);
INSERT INTO VEHICLE1 (VEHICLENUMBER,REGISTRATIONNUMBER, MODELNUMBER,CUSTOMERNUMBER,YEARR) VALUES(11,1572319801,16,9,1998);
INSERT INTO VEHICLE1 (VEHICLENUMBER,REGISTRATIONNUMBER, MODELNUMBER,CUSTOMERNUMBER,YEARR) VALUES(12,6025319733,20,14,1997);
INSERT INTO VEHICLE1 (VEHICLENUMBER,REGISTRATIONNUMBER, MODELNUMBER,CUSTOMERNUMBER,YEARR) VALUES(13,5205319736,17,19,1997);
INSERT INTO VEHICLE1 (VEHICLENUMBER,REGISTRATIONNUMBER, MODELNUMBER,CUSTOMERNUMBER,YEARR) VALUES(14,7543119207,21,22,1992);
INSERT INTO VEHICLE1 (VEHICLENUMBER,REGISTRATIONNUMBER, MODELNUMBER,CUSTOMERNUMBER,YEARR) VALUES(15,6254319916,19,4,1999);
INSERT INTO VEHICLE1 (VEHICLENUMBER,REGISTRATIONNUMBER, MODELNUMBER,CUSTOMERNUMBER,YEARR) VALUES(16,9831419701,21,16,1997);
INSERT INTO VEHICLE1 (VEHICLENUMBER,REGISTRATIONNUMBER, MODELNUMBER,CUSTOMERNUMBER,YEARR) VALUES(17,4563117607,11,12,1976);
INSERT INTO VEHICLE1 (VEHICLENUMBER,REGISTRATIONNUMBER, MODELNUMBER,CUSTOMERNUMBER,YEARR) VALUES(18,7973318216,2,1,1982);
INSERT INTO VEHICLE1 (VEHICLENUMBER,REGISTRATIONNUMBER, MODELNUMBER,CUSTOMERNUMBER,YEARR) VALUES(19,3904318515,77,18,1985); --model number not found
INSERT INTO VEHICLE1 (VEHICLENUMBER,REGISTRATIONNUMBER, MODELNUMBER,CUSTOMERNUMBER,YEARR) VALUES(20,1234319707,2,22,1997);
INSERT INTO VEHICLE1 (VEHICLENUMBER,REGISTRATIONNUMBER, MODELNUMBER,CUSTOMERNUMBER,YEARR) VALUES(21,8429318516,19,3,1985);
INSERT INTO VEHICLE1 (VEHICLENUMBER,REGISTRATIONNUMBER, MODELNUMBER,CUSTOMERNUMBER,YEARR) VALUES(22,1245619816,19,8,1998);
INSERT INTO VEHICLE1 (VEHICLENUMBER,REGISTRATIONNUMBER, MODELNUMBER,CUSTOMERNUMBER,YEARR) VALUES(23,1678918516,25,7,1985);
INSERT INTO VEHICLE1 (VEHICLENUMBER,REGISTRATIONNUMBER, MODELNUMBER,CUSTOMERNUMBER,YEARR) VALUES(24,1789519816,9,80,1998); --model not found 
INSERT INTO VEHICLE1 (VEHICLENUMBER,REGISTRATIONNUMBER, MODELNUMBER,CUSTOMERNUMBER,YEARR) VALUES(25,1278919833,5,13,1998);
INSERT INTO VEHICLE1 (VEHICLENUMBER,REGISTRATIONNUMBER, MODELNUMBER,CUSTOMERNUMBER,YEARR) VALUES(26,1458919316,10,3,1993);
INSERT INTO VEHICLE1 (VEHICLENUMBER,REGISTRATIONNUMBER, MODELNUMBER,CUSTOMERNUMBER,YEARR) VALUES(27,1256019804,7,10,1998);
INSERT INTO VEHICLE1 (VEHICLENUMBER,REGISTRATIONNUMBER, MODELNUMBER,CUSTOMERNUMBER,YEARR) VALUES(28,1986219904,3,10,1999);

select *from vehicle1;
---------------------------------------itervention------------------------------------------


create table INTERVENTION1(
  INTERVENTIONNUMBER number(10) not null,
  VEHICLENUMBER number(10) not null,
  INTERVENTIONTYPE VARCHAR2(50) NOT NULL,
  INTERVSTARTDATE date,
  INTERVENDDATE date ,
  INTERVCOST number(15)
);

ALTER TABLE INTERVENTION1
ADD CONSTRAINT PK_INTERVENTION1 PRIMARY KEY ( INTERVENTIONNUMBER);

ALTER TABLE INTERVENTION1
ADD CONSTRAINT fk_vehiclenumber FOREIGN KEY (VEHICLENUMBER) REFERENCES vehicle1(VEHICLENUMBER) on delete cascade;

INSERT INTO INTERVENTION1 VALUES (1, 3, 'Réparation', TO_DATE('2006-02-25 09:00:00','YYYY-MM-DD HH24:MI:SS'), TO_DATE('2006-02-26 12:00:00','YYYY-MM-DD HH24:MI:SS'), 30000);
INSERT INTO INTERVENTION1 VALUES (2, 21, 'Réparation', TO_DATE('2006-02-23 09:00:00','YYYY-MM-DD HH24:MI:SS'), TO_DATE('2006-02-24 18:00:00','YYYY-MM-DD HH24:MI:SS'), 10000);
INSERT INTO INTERVENTION1 VALUES (3, 25, 'Réparation', TO_DATE('2006-04-06 14:00:00','YYYY-MM-DD HH24:MI:SS'), TO_DATE('2006-04-09 12:00:00','YYYY-MM-DD HH24:MI:SS'), 42000);
INSERT INTO INTERVENTION1 VALUES (4, 10, 'Entretien', TO_DATE('2006-05-14 09:00:00','YYYY-MM-DD HH24:MI:SS'), TO_DATE('2006-05-14 18:00:00','YYYY-MM-DD HH24:MI:SS'), 10000);
INSERT INTO INTERVENTION1 VALUES (5, 6, 'Réparation', TO_DATE('2006-02-22 09:00:00','YYYY-MM-DD HH24:MI:SS'), TO_DATE('2006-02-25 18:00:00','YYYY-MM-DD HH24:MI:SS'), 40000);
INSERT INTO INTERVENTION1 VALUES (6, 14, 'Entretien', TO_DATE('2006-03-03 14:00:00','YYYY-MM-DD HH24:MI:SS'), TO_DATE('2006-03-04 18:00:00','YYYY-MM-DD HH24:MI:SS'), 7500);
INSERT INTO INTERVENTION1 VALUES (7, 1, 'Entretien', TO_DATE('2006-04-09 09:00:00','YYYY-MM-DD HH24:MI:SS'), TO_DATE('2006-04-09 18:00:00','YYYY-MM-DD HH24:MI:SS'), 8000);
INSERT INTO INTERVENTION1 VALUES (8, 17, 'Entretien', TO_DATE('2006-05-11 14:00:00','YYYY-MM-DD HH24:MI:SS'), TO_DATE('2006-05-12 18:00:00','YYYY-MM-DD HH24:MI:SS'), 9000);
INSERT INTO INTERVENTION1 VALUES (9, 22, 'Entretien', TO_DATE('2006-02-22 09:00:00','YYYY-MM-DD HH24:MI:SS'), TO_DATE('2006-02-22 18:00:00','YYYY-MM-DD HH24:MI:SS'), 7960);
INSERT INTO INTERVENTION1 VALUES (10, 2, 'Entretien et Réparation', TO_DATE('2006-04-08 09:00:00','YYYY-MM-DD HH24:MI:SS'), TO_DATE('2006-04-09 18:00:00','YYYY-MM-DD HH24:MI:SS'), 45000);
INSERT INTO INTERVENTION1 VALUES (11, 28, 'Réparation', TO_DATE('2006-03-08 14:00:00','YYYY-MM-DD HH24:MI:SS'), TO_DATE('2006-03-17 12:00:00','YYYY-MM-DD HH24:MI:SS'), 36000);
INSERT INTO INTERVENTION1 VALUES (12, 20, 'Entretien et Réparation', TO_DATE('2006-05-03 09:00:00','YYYY-MM-DD HH24:MI:SS'), TO_DATE('2006-05-05 18:00:00','YYYY-MM-DD HH24:MI:SS'), 27000);
INSERT INTO INTERVENTION1 VALUES (13, 8, 'Réparation Système', TO_DATE('2006-05-12 14:00:00','YYYY-MM-DD HH24:MI:SS'), TO_DATE('2006-05-12 18:00:00','YYYY-MM-DD HH24:MI:SS'), 17846);
INSERT INTO INTERVENTION1 VALUES (14, 1, 'Réparation', TO_DATE('2006-05-10 14:00:00','YYYY-MM-DD HH24:MI:SS'), TO_DATE('2006-05-12 12:00:00','YYYY-MM-DD HH24:MI:SS'), 39000);
INSERT INTO INTERVENTION1 VALUES (15, 20, 'Réparation Système', TO_DATE('2006-06-25 09:00:00','YYYY-MM-DD HH24:MI:SS'), TO_DATE('2006-06-25 12:00:00','YYYY-MM-DD HH24:MI:SS'), 27000);
INSERT INTO INTERVENTION1 VALUES (16, 77, 'Réparation', TO_DATE('2006-06-27 09:00:00','YYYY-MM-DD HH24:MI:SS'), TO_DATE('2006-06-30 12:00:00','YYYY-MM-DD HH24:MI:SS'), 25000); --vechile number 77 doesn't exist


SELECT * FROM INTERVENTION;





------------------------------------participants---------------------------------------


create table PARTICIPANTS1 (
    INTERVENTIONNUMBER number(2),
    EMPLOYEENUMBER number(2),
    STARTDATE date,
     ENDDATE date
     );

ALTER TABLE PARTICIPANTS1
ADD CONSTRAINT PK_PARTICIPANTS PRIMARY KEY (INTERVENTIONNUMBER,EMPLOYEENUMBER);

ALTER TABLE PARTICIPANTS1
ADD constraint fk_intervention_number FOREIGN KEY (INTERVENTIONNUMBER) REFERENCES INTERVENTION1(INTERVENTIONNUMBER)on delete cascade;

ALTER TABLE PARTICIPANTS1
ADD constraint fk_employee_number FOREIGN KEY (EMPLOYEENUMBER) REFERENCES EMPLOYEE1(EMPLOYEENUMBER) on delete cascade;




INSERT INTO PARTICIPANTS1(INTERVENTIONNUMBER,EMPLOYEENUMBER,STARTDATE,ENDDATE) VALUES(1,54,TO_DATE('2006-02-26 09:00:00','YYYY-MM-DD HH24:MI:SS'),TO_DATE('2006-02-26 12:00:00','YYYY-MM-DD HH24:MI:SS'));
INSERT INTO PARTICIPANTS1(INTERVENTIONNUMBER,EMPLOYEENUMBER,STARTDATE,ENDDATE) VALUES(1,59,TO_DATE('2006-02-25 09:00:00','YYYY-MM-DD HH24:MI:SS'),TO_DATE('2006-02-25 18:00:00','YYYY-MM-DD HH24:MI:SS'));
INSERT INTO PARTICIPANTS1(INTERVENTIONNUMBER,EMPLOYEENUMBER,STARTDATE,ENDDATE) VALUES(2,57,TO_DATE('2006-02-24 14:00:00','YYYY-MM-DD HH24:MI:SS'),TO_DATE('2006-02-24 18:00:00','YYYY-MM-DD HH24:MI:SS'));
INSERT INTO PARTICIPANTS1(INTERVENTIONNUMBER,EMPLOYEENUMBER,STARTDATE,ENDDATE) VALUES(2,59,TO_DATE('2006-02-23 09:00:00','YYYY-MM-DD HH24:MI:SS'),TO_DATE('2006-02-24 12:00:00','YYYY-MM-DD HH24:MI:SS'));
INSERT INTO PARTICIPANTS1(INTERVENTIONNUMBER,EMPLOYEENUMBER,STARTDATE,ENDDATE) VALUES(3,60,TO_DATE('2006-04-09 09:00:00','YYYY-MM-DD HH24:MI:SS'),TO_DATE('2006-04-09 12:00:00','YYYY-MM-DD HH24:MI:SS'));
INSERT INTO PARTICIPANTS1(INTERVENTIONNUMBER,EMPLOYEENUMBER,STARTDATE,ENDDATE) VALUES(3,65,TO_DATE('2006-04-06 14:00:00','YYYY-MM-DD HH24:MI:SS'),TO_DATE('2006-04-08 18:00:00','YYYY-MM-DD HH24:MI:SS'));
INSERT INTO PARTICIPANTS1(INTERVENTIONNUMBER,EMPLOYEENUMBER,STARTDATE,ENDDATE) VALUES(4,62,TO_DATE('2006-05-14 09:00:00','YYYY-MM-DD HH24:MI:SS'),TO_DATE('2006-05-14 12:00:00','YYYY-MM-DD HH24:MI:SS'));
INSERT INTO PARTICIPANTS1(INTERVENTIONNUMBER,EMPLOYEENUMBER,STARTDATE,ENDDATE) VALUES(4,66,TO_DATE('2006-02-14 14:00:00','YYYY-MM-DD HH24:MI:SS'),TO_DATE('2006-05-14 18:00:00','YYYY-MM-DD HH24:MI:SS'));
INSERT INTO PARTICIPANTS1(INTERVENTIONNUMBER,EMPLOYEENUMBER,STARTDATE,ENDDATE) VALUES(5,56,TO_DATE('2006-02-22 09:00:00','YYYY-MM-DD HH24:MI:SS'),TO_DATE('2006-02-25 12:00:00','YYYY-MM-DD HH24:MI:SS'));
INSERT INTO PARTICIPANTS1(INTERVENTIONNUMBER,EMPLOYEENUMBER,STARTDATE,ENDDATE) VALUES(5,60,TO_DATE('2006-02-23 09:00:00','YYYY-MM-DD HH24:MI:SS'),TO_DATE('2006-02-25 18:00:00','YYYY-MM-DD HH24:MI:SS'));
INSERT INTO PARTICIPANTS1(INTERVENTIONNUMBER,EMPLOYEENUMBER,STARTDATE,ENDDATE) VALUES(6,53,TO_DATE('2006-03-03 14:00:00','YYYY-MM-DD HH24:MI:SS'),TO_DATE('2006-03-04 12:00:00','YYYY-MM-DD HH24:MI:SS'));
INSERT INTO PARTICIPANTS1(INTERVENTIONNUMBER,EMPLOYEENUMBER,STARTDATE,ENDDATE) VALUES(6,57,TO_DATE('2006-03-04 14:00:00','YYYY-MM-DD HH24:MI:SS'),TO_DATE('2006-03-04 18:00:00','YYYY-MM-DD HH24:MI:SS'));
INSERT INTO PARTICIPANTS1(INTERVENTIONNUMBER,EMPLOYEENUMBER,STARTDATE,ENDDATE) VALUES(7,55,TO_DATE('2006-04-09 14:00:00','YYYY-MM-DD HH24:MI:SS'),TO_DATE('2006-04-09 18:00:00','YYYY-MM-DD HH24:MI:SS'));
INSERT INTO PARTICIPANTS1(INTERVENTIONNUMBER,EMPLOYEENUMBER,STARTDATE,ENDDATE) VALUES(7,65,TO_DATE('2006-04-09 09:00:00','YYYY-MM-DD HH24:MI:SS'),TO_DATE('2006-04-09 12:00:00','YYYY-MM-DD HH24:MI:SS'));
INSERT INTO PARTICIPANTS1(INTERVENTIONNUMBER,EMPLOYEENUMBER,STARTDATE,ENDDATE) VALUES(8,54,TO_DATE('2006-05-12 09:00:00','YYYY-MM-DD HH24:MI:SS'),TO_DATE('2006-05-12 18:00:00','YYYY-MM-DD HH24:MI:SS'));
INSERT INTO PARTICIPANTS1(INTERVENTIONNUMBER,EMPLOYEENUMBER,STARTDATE,ENDDATE) VALUES(8,62,TO_DATE('2006-05-11 14:00:00','YYYY-MM-DD HH24:MI:SS'),TO_DATE('2006-05-12 12:00:00','YYYY-MM-DD HH24:MI:SS'));
INSERT INTO PARTICIPANTS1(INTERVENTIONNUMBER,EMPLOYEENUMBER,STARTDATE,ENDDATE) VALUES(9,59,TO_DATE('2006-02-22 09:00:00','YYYY-MM-DD HH24:MI:SS'),TO_DATE('2006-02-22 12:00:00','YYYY-MM-DD HH24:MI:SS'));
INSERT INTO PARTICIPANTS1(INTERVENTIONNUMBER,EMPLOYEENUMBER,STARTDATE,ENDDATE) VALUES(9,60,TO_DATE('2006-02-22 14:00:00','YYYY-MM-DD HH24:MI:SS'),TO_DATE('2006-02-22 18:00:00','YYYY-MM-DD HH24:MI:SS'));
INSERT INTO PARTICIPANTS1(INTERVENTIONNUMBER,EMPLOYEENUMBER,STARTDATE,ENDDATE) VALUES(10,63,TO_DATE('2006-04-09 14:00:00','YYYY-MM-DD HH24:MI:SS'),TO_DATE('2006-04-09 18:00:00','YYYY-MM-DD HH24:MI:SS'));
INSERT INTO PARTICIPANTS1(INTERVENTIONNUMBER,EMPLOYEENUMBER,STARTDATE,ENDDATE) VALUES(10,67,TO_DATE('2006-04-08 09:00:00','YYYY-MM-DD HH24:MI:SS'),TO_DATE('2006-04-09 12:00:00','YYYY-MM-DD HH24:MI:SS'));
INSERT INTO PARTICIPANTS1(INTERVENTIONNUMBER,EMPLOYEENUMBER,STARTDATE,ENDDATE) VALUES(11,59,TO_DATE('2006-03-09 09:00:00','YYYY-MM-DD HH24:MI:SS'),TO_DATE('2006-03-11 18:00:00','YYYY-MM-DD HH24:MI:SS'));
INSERT INTO PARTICIPANTS1(INTERVENTIONNUMBER,EMPLOYEENUMBER,STARTDATE,ENDDATE) VALUES(11,64,TO_DATE('2006-03-09 09:00:00','YYYY-MM-DD HH24:MI:SS'),TO_DATE('2006-03-17 12:00:00','YYYY-MM-DD HH24:MI:SS'));
INSERT INTO PARTICIPANTS1(INTERVENTIONNUMBER,EMPLOYEENUMBER,STARTDATE,ENDDATE) VALUES(11,53,TO_DATE('2006-03-08 14:00:00','YYYY-MM-DD HH24:MI:SS'),TO_DATE('2006-03-16 18:00:00','YYYY-MM-DD HH24:MI:SS'));
INSERT INTO PARTICIPANTS1(INTERVENTIONNUMBER,EMPLOYEENUMBER,STARTDATE,ENDDATE) VALUES(12,55,TO_DATE('2006-05-05 09:00:00','YYYY-MM-DD HH24:MI:SS'),TO_DATE('2006-05-05 18:00:00','YYYY-MM-DD HH24:MI:SS'));
INSERT INTO PARTICIPANTS1(INTERVENTIONNUMBER,EMPLOYEENUMBER,STARTDATE,ENDDATE) VALUES(12,56,TO_DATE('2006-05-03 09:00:00','YYYY-MM-DD HH24:MI:SS'),TO_DATE('2006-05-05 12:00:00','YYYY-MM-DD HH24:MI:SS'));
INSERT INTO PARTICIPANTS1(INTERVENTIONNUMBER,EMPLOYEENUMBER,STARTDATE,ENDDATE) VALUES(13,64,TO_DATE('2006-05-12 14:00:00','YYYY-MM-DD HH24:MI:SS'),TO_DATE('2006-05-12 18:00:00','YYYY-MM-DD HH24:MI:SS'));
INSERT INTO PARTICIPANTS1(INTERVENTIONNUMBER,EMPLOYEENUMBER,STARTDATE,ENDDATE) VALUES(14,88,TO_DATE('2006-05-07 14:00:00','YYYY-MM-DD HH24:MI:SS'),TO_DATE('2006-05-10 18:00:00','YYYY-MM-DD HH24:MI:SS'));--employee number 88 doesn't exist


select * from PARTICIPANTS1;

alter table Employee1 add dateinstalation date; --Q8

alter table Employee1 modify CATEGORY VARCHAR2(50) null; --Q9
alter table Employee1 modify CATEGORY VARCHAR2(50) not null;
alter table Employee1 modify SALARY number(15) not null;

alter table Employee1 modify FIRSTNAMEEMP VARCHAR2(40); --Q10

alter table Employee1 drop column dateinstalation; --Q11

DESC Employee1;

alter table CUSTOMER1 RENAME column ADDRESS to CUSTOMERADDRESS ; --Q12

DESC CUSTOMER1;

alter table INTERVENTION1 add CONSTRAINT checkdateoo check(INTERVSTARTDATE<INTERVENDDATE); --Q13


alter table CUSTOMER1  add CONSTRAINT checkCIV    check(CIV IN ('Mr','Miss','Mrs'));

alter table Employee1 add constraint checkCATEGORY check(CATEGORY in ('Mechanic','Assistant'));


alter table INTERVENTION1
DISABLE constraint checkdateoo;   --Q18

UPDATE INTERVENTION1 SET INTERVSTARTDATE=INTERVSTARTDATE+5 WHERE EXTRACT
(MONTH FROM INTERVSTARTDATE) =2;

alter table INTERVENTION1
ENABLE constraint checkdateoo;

--Q19
SELECT * from model1;
DELETE FROM MODEL1 WHERE MODEL='Série 5';



alter table MODEL1 drop constraint pk_customer;

desc EMPLOYEE1;




